epoch,time,train/box_loss,train/cls_loss,train/dfl_loss,metrics/precision(B),metrics/recall(B),metrics/mAP50(B),metrics/mAP50-95(B),val/box_loss,val/cls_loss,val/dfl_loss,lr/pg0,lr/pg1,lr/pg2
1,6.83237,1.75866,4.04422,1.85949,0.0025,0.25,0.00638,0.00337,2.05657,3.91972,2.14201,0,0,0
2,11.021,1.94967,3.8356,1.82731,0.00263,0.25,0.00691,0.00308,1.9475,3.93086,2.08328,1.0025e-05,1.0025e-05,1.0025e-05
3,14.8903,1.8397,3.78098,1.77679,0.00287,0.25,0.00777,0.00359,1.86961,3.90392,2.04323,1.51e-05,1.51e-05,1.51e-05
4,18.6447,2.22842,3.90514,1.87814,0.00313,0.25,0.00858,0.00431,1.81718,3.88482,2.04861,1.5225e-05,1.5225e-05,1.5225e-05
5,22.316,1.80919,3.7845,1.77862,0.00342,0.25,0.00829,0.00365,1.85062,3.888,2.08495,1.04e-05,1.04e-05,1.04e-05
